filter,distribution,n_requested,n_inserted,config_param,memory_bytes,insert_time_s,insert_ops_sec,query_pos_time_s,query_pos_ops_sec,found_positive,query_neg_time_s,query_neg_ops_sec,measured_fp_rate,theoretical_fp_rate,fp_ratio,delete_time_s,delete_ops_sec,deleted_ok
cqf,uniform,1000000,1000000,qbits=21;rbits=9,2936555,0.515099,1941374.19,0.043902,22778046.90,1000000,0.002738,36523023.34,0.00093000,0.00195312,0.4762,0.580772,1721846.32,1000000
cqf,zipfian,1000000,1000000,qbits=21;rbits=9,2936555,0.225573,4433158.13,0.049785,20086412.24,1000000,0.001291,77457137.58,0.00002000,0.00195312,0.0102,0.018704,53464678.14,1000000
cuckoo,uniform,1000000,1000000,bits_per_item=12;assoc=4,1572864,0.033564,29793531.13,0.005851,170906077.37,1000000,0.000577,173160173.16,0.00190000,0.00195312,0.9728,0.020881,47890236.34,1000000
cuckoo,zipfian,1000000,29,bits_per_item=12;assoc=4,1572864,0.000201,143980.62,0.000057,511391.69,29,0.000735,136062011.62,0.00000000,0.00195312,0.0000,0.000030,976168.04,29
bloom,uniform,1000000,1000000,size_bits=16948719;k=4,2118589,0.076044,13150274.15,0.080487,12424347.37,1000000,0.007691,13002281.38,0.00193000,0.00195312,0.9882,0.000000,0.00,0
bloom,zipfian,1000000,1000000,size_bits=16948719;k=4,2118589,0.073199,13661458.80,0.074924,13346798.65,1000000,0.007086,14113246.38,0.00000000,0.00195312,0.0000,0.000000,0.00,0
cqf,uniform,1000000,1000000,qbits=21;rbits=9,2936555,0.542166,1844453.56,0.046221,21635179.12,1000000,0.002833,35296675.92,0.00093000,0.00195312,0.4762,0.592081,1688957.90,1000000
cqf,zipfian,1000000,1000000,qbits=21;rbits=9,2936555,0.228350,4379243.85,0.051928,19257417.29,1000000,0.001686,59316984.87,0.00002000,0.00195312,0.0102,0.019725,50697481.02,1000000
cuckoo,uniform,1000000,1000000,bits_per_item=12;assoc=4,1572864,0.034314,29142800.66,0.006033,165744711.71,1000000,0.000584,171122994.65,0.00187000,0.00195312,0.9574,0.021274,47006470.49,1000000
cuckoo,zipfian,1000000,29,bits_per_item=12;assoc=4,1572864,0.000204,142331.29,0.000057,505446.62,29,0.000807,123890253.06,0.00000000,0.00195312,0.0000,0.000034,858216.68,29
bloom,uniform,1000000,1000000,size_bits=16948719;k=4,2118589,0.074066,13501403.30,0.078917,12671514.17,1000000,0.007872,12703118.09,0.00193000,0.00195312,0.9882,0.000000,0.00,0
bloom,zipfian,1000000,1000000,size_bits=16948719;k=4,2118589,0.071217,14041525.54,0.075178,13301822.73,1000000,0.007119,14046999.57,0.00000000,0.00195312,0.0000,0.000000,0.00,0
cqf,uniform,1000000,1000000,qbits=21;rbits=9,2936555,0.510741,1957939.56,0.044682,22380363.91,1000000,0.002785,35907062.75,0.00093000,0.00195312,0.4762,0.583428,1714007.83,1000000
cqf,zipfian,1000000,1000000,qbits=21;rbits=9,2936555,0.225184,4440813.56,0.049853,20058938.59,1000000,0.001255,79679027.36,0.00002000,0.00195312,0.0102,0.018884,52954372.14,1000000
cuckoo,uniform,1000000,1000000,bits_per_item=12;assoc=4,1572864,0.033794,29591234.67,0.005888,169841744.86,1000000,0.000615,162667751.12,0.00185000,0.00195312,0.9472,0.021095,47404690.38,1000000
cuckoo,zipfian,1000000,29,bits_per_item=12;assoc=4,1572864,0.000205,141578.06,0.000056,517478.27,29,0.000794,125984251.97,0.00000000,0.00195312,0.0000,0.000039,750809.06,29
bloom,uniform,1000000,1000000,size_bits=16948719;k=4,2118589,0.079659,12553515.95,0.078071,12808867.10,1000000,0.007663,13049222.19,0.00193000,0.00195312,0.9882,0.000000,0.00,0
bloom,zipfian,1000000,1000000,size_bits=16948719;k=4,2118589,0.072167,13856756.99,0.075414,13260188.72,1000000,0.007090,14104537.47,0.00000000,0.00195312,0.0000,0.000000,0.00,0
